{
  "fps": 30,
  "window_sec": 1.0,
  "window": 15,
  "temp_stride": 2,
  "sample_stride": 8,
  "img_size": 112,
  "mean": [
    0.48500001430511475,
    0.4560000002384186,
    0.4059999883174896
  ],
  "std": [
    0.2290000021457672,
    0.2240000069141388,
    0.22499999403953552
  ],
  "diff_norm": {
    "mean": 0.0,
    "std": 0.5
  },
  "label_def": {
    "slow": 0,
    "fast": 1
  },
  "in_channels": 4,
  "use_tqdm": true,
  "early_stopping": {
    "patience": 3,
    "min_delta": 0.0,
    "monitor": "val_acc"
  }
}